{"time_train": 11009.36831521988, "time_test_2012": 2842.333967447281, "time_test_2013": 2623.6909346580505, "bleu_on_test_12": 0.06129592895514025, "bleu_on_test_13": 0.056979110833749375, "loss_epochs": [1.7716612815856934, 1.5431487560272217, 1.4473576545715332, 1.3864251375198364, 1.3423477411270142, 1.3097660541534424, 1.2831674814224243, 1.2604478597640991, 1.241507887840271, 1.225339651107788, 1.211637258529663, 1.1981810331344604, 1.1845073699951172, 1.1668747663497925, 1.154430627822876]}