{"time_train": 8149.387919425964, "time_test_2012": 4620.91237192873, "time_test_2013": 5693.868042945862, "bleu_on_test_12": 0.10844876540697293, "bleu_on_test_13": 0.13180880668472233, "loss_epochs": [3.3703, 2.3862, 2.2532, 2.1926, 2.1548, 2.1258, 2.102, 2.0829, 2.0668, 2.0516, 2.0377, 2.0242, 2.0122, 1.9983, 1.9876]}